Label,Idx
골드 가디건,0
골드 니트웨어,1
골드 드레스,2
골드 베스트,3
골드 브라탑,4
골드 블라우스,5
골드 셔츠,6
골드 스커트,7
골드 재킷,8
골드 점퍼,9
골드 점프수트,10
골드 조거팬츠,11
골드 짚업,12
골드 청바지,13
골드 코트,14
골드 탑,15
골드 티셔츠,16
골드 패딩,17
골드 팬츠,18
골드 후드티,19
그레이 가디건,20
그레이 니트웨어,21
그레이 드레스,22
그레이 래깅스,23
그레이 베스트,24
그레이 브라탑,25
그레이 블라우스,26
그레이 셔츠,27
그레이 스커트,28
그레이 재킷,29
그레이 점퍼,30
그레이 점프수트,31
그레이 조거팬츠,32
그레이 짚업,33
그레이 청바지,34
그레이 코트,35
그레이 탑,36
그레이 티셔츠,37
그레이 패딩,38
그레이 팬츠,39
그레이 후드티,40
그린 가디건,41
그린 니트웨어,42
그린 드레스,43
그린 래깅스,44
그린 베스트,45
그린 브라탑,46
그린 블라우스,47
그린 셔츠,48
그린 스커트,49
그린 재킷,50
그린 점퍼,51
그린 점프수트,52
그린 조거팬츠,53
그린 짚업,54
그린 청바지,55
그린 코트,56
그린 탑,57
그린 티셔츠,58
그린 패딩,59
그린 팬츠,60
그린 후드티,61
네온 가디건,62
네온 니트웨어,63
네온 드레스,64
네온 래깅스,65
네온 베스트,66
네온 브라탑,67
네온 블라우스,68
네온 셔츠,69
네온 스커트,70
네온 재킷,71
네온 점퍼,72
네온 점프수트,73
네온 조거팬츠,74
네온 짚업,75
네온 청바지,76
네온 코트,77
네온 탑,78
네온 티셔츠,79
네온 패딩,80
네온 팬츠,81
네온 후드티,82
네이비 가디건,83
네이비 니트웨어,84
네이비 드레스,85
네이비 래깅스,86
네이비 베스트,87
네이비 브라탑,88
네이비 블라우스,89
네이비 셔츠,90
네이비 스커트,91
네이비 재킷,92
네이비 점퍼,93
네이비 점프수트,94
네이비 조거팬츠,95
네이비 짚업,96
네이비 청바지,97
네이비 코트,98
네이비 탑,99
네이비 티셔츠,100
네이비 패딩,101
네이비 팬츠,102
네이비 후드티,103
라벤더 가디건,104
라벤더 니트웨어,105
라벤더 드레스,106
라벤더 래깅스,107
라벤더 베스트,108
라벤더 브라탑,109
라벤더 블라우스,110
라벤더 셔츠,111
라벤더 스커트,112
라벤더 재킷,113
라벤더 점퍼,114
라벤더 점프수트,115
라벤더 조거팬츠,116
라벤더 짚업,117
라벤더 청바지,118
라벤더 코트,119
라벤더 탑,120
라벤더 티셔츠,121
라벤더 패딩,122
라벤더 팬츠,123
라벤더 후드티,124
레드 가디건,125
레드 니트웨어,126
레드 드레스,127
레드 래깅스,128
레드 베스트,129
레드 브라탑,130
레드 블라우스,131
레드 셔츠,132
레드 스커트,133
레드 재킷,134
레드 점퍼,135
레드 점프수트,136
레드 조거팬츠,137
레드 짚업,138
레드 청바지,139
레드 코트,140
레드 탑,141
레드 티셔츠,142
레드 패딩,143
레드 팬츠,144
레드 후드티,145
민트 가디건,146
민트 니트웨어,147
민트 드레스,148
민트 베스트,149
민트 브라탑,150
민트 블라우스,151
민트 셔츠,152
민트 스커트,153
민트 재킷,154
민트 점퍼,155
민트 점프수트,156
민트 조거팬츠,157
민트 짚업,158
민트 청바지,159
민트 코트,160
민트 탑,161
민트 티셔츠,162
민트 패딩,163
민트 팬츠,164
민트 후드티,165
베이지 가디건,166
베이지 니트웨어,167
베이지 드레스,168
베이지 래깅스,169
베이지 베스트,170
베이지 브라탑,171
베이지 블라우스,172
베이지 셔츠,173
베이지 스커트,174
베이지 재킷,175
베이지 점퍼,176
베이지 점프수트,177
베이지 조거팬츠,178
베이지 짚업,179
베이지 청바지,180
베이지 코트,181
베이지 탑,182
베이지 티셔츠,183
베이지 패딩,184
베이지 팬츠,185
베이지 후드티,186
브라운 가디건,187
브라운 니트웨어,188
브라운 드레스,189
브라운 래깅스,190
브라운 베스트,191
브라운 브라탑,192
브라운 블라우스,193
브라운 셔츠,194
브라운 스커트,195
브라운 재킷,196
브라운 점퍼,197
브라운 점프수트,198
브라운 조거팬츠,199
브라운 짚업,200
브라운 청바지,201
브라운 코트,202
브라운 탑,203
브라운 티셔츠,204
브라운 패딩,205
브라운 팬츠,206
브라운 후드티,207
블랙 가디건,208
블랙 니트웨어,209
블랙 드레스,210
블랙 래깅스,211
블랙 베스트,212
블랙 브라탑,213
블랙 블라우스,214
블랙 셔츠,215
블랙 스커트,216
블랙 재킷,217
블랙 점퍼,218
블랙 점프수트,219
블랙 조거팬츠,220
블랙 짚업,221
블랙 청바지,222
블랙 코트,223
블랙 탑,224
블랙 티셔츠,225
블랙 패딩,226
블랙 팬츠,227
블랙 후드티,228
블루 가디건,229
블루 니트웨어,230
블루 드레스,231
블루 래깅스,232
블루 베스트,233
블루 브라탑,234
블루 블라우스,235
블루 셔츠,236
블루 스커트,237
블루 재킷,238
블루 점퍼,239
블루 점프수트,240
블루 조거팬츠,241
블루 짚업,242
블루 청바지,243
블루 코트,244
블루 탑,245
블루 티셔츠,246
블루 패딩,247
블루 팬츠,248
블루 후드티,249
스카이블루 가디건,250
스카이블루 니트웨어,251
스카이블루 드레스,252
스카이블루 래깅스,253
스카이블루 베스트,254
스카이블루 브라탑,255
스카이블루 블라우스,256
스카이블루 셔츠,257
스카이블루 스커트,258
스카이블루 재킷,259
스카이블루 점퍼,260
스카이블루 점프수트,261
스카이블루 조거팬츠,262
스카이블루 짚업,263
스카이블루 청바지,264
스카이블루 코트,265
스카이블루 탑,266
스카이블루 티셔츠,267
스카이블루 패딩,268
스카이블루 팬츠,269
스카이블루 후드티,270
실버 가디건,271
실버 니트웨어,272
실버 드레스,273
실버 래깅스,274
실버 베스트,275
실버 브라탑,276
실버 블라우스,277
실버 셔츠,278
실버 스커트,279
실버 재킷,280
실버 점퍼,281
실버 점프수트,282
실버 조거팬츠,283
실버 짚업,284
실버 청바지,285
실버 코트,286
실버 탑,287
실버 티셔츠,288
실버 패딩,289
실버 팬츠,290
실버 후드티,291
옐로우 가디건,292
옐로우 니트웨어,293
옐로우 드레스,294
옐로우 베스트,295
옐로우 브라탑,296
옐로우 블라우스,297
옐로우 셔츠,298
옐로우 스커트,299
옐로우 재킷,300
옐로우 점퍼,301
옐로우 점프수트,302
옐로우 조거팬츠,303
옐로우 짚업,304
옐로우 청바지,305
옐로우 코트,306
옐로우 탑,307
옐로우 티셔츠,308
옐로우 패딩,309
옐로우 팬츠,310
옐로우 후드티,311
오렌지 가디건,312
오렌지 니트웨어,313
오렌지 드레스,314
오렌지 래깅스,315
오렌지 베스트,316
오렌지 브라탑,317
오렌지 블라우스,318
오렌지 셔츠,319
오렌지 스커트,320
오렌지 재킷,321
오렌지 점퍼,322
오렌지 점프수트,323
오렌지 조거팬츠,324
오렌지 짚업,325
오렌지 청바지,326
오렌지 코트,327
오렌지 탑,328
오렌지 티셔츠,329
오렌지 패딩,330
오렌지 팬츠,331
오렌지 후드티,332
와인 가디건,333
와인 니트웨어,334
와인 드레스,335
와인 래깅스,336
와인 베스트,337
와인 브라탑,338
와인 블라우스,339
와인 셔츠,340
와인 스커트,341
와인 재킷,342
와인 점퍼,343
와인 점프수트,344
와인 조거팬츠,345
와인 짚업,346
와인 청바지,347
와인 코트,348
와인 탑,349
와인 티셔츠,350
와인 패딩,351
와인 팬츠,352
와인 후드티,353
카키 가디건,354
카키 니트웨어,355
카키 드레스,356
카키 래깅스,357
카키 베스트,358
카키 브라탑,359
카키 블라우스,360
카키 셔츠,361
카키 스커트,362
카키 재킷,363
카키 점퍼,364
카키 점프수트,365
카키 조거팬츠,366
카키 짚업,367
카키 청바지,368
카키 코트,369
카키 탑,370
카키 티셔츠,371
카키 패딩,372
카키 팬츠,373
카키 후드티,374
퍼플 가디건,375
퍼플 니트웨어,376
퍼플 드레스,377
퍼플 래깅스,378
퍼플 베스트,379
퍼플 브라탑,380
퍼플 블라우스,381
퍼플 셔츠,382
퍼플 스커트,383
퍼플 재킷,384
퍼플 점퍼,385
퍼플 점프수트,386
퍼플 조거팬츠,387
퍼플 짚업,388
퍼플 청바지,389
퍼플 코트,390
퍼플 탑,391
퍼플 티셔츠,392
퍼플 패딩,393
퍼플 팬츠,394
퍼플 후드티,395
핑크 가디건,396
핑크 니트웨어,397
핑크 드레스,398
핑크 래깅스,399
핑크 베스트,400
핑크 브라탑,401
핑크 블라우스,402
핑크 셔츠,403
핑크 스커트,404
핑크 재킷,405
핑크 점퍼,406
핑크 점프수트,407
핑크 조거팬츠,408
핑크 짚업,409
핑크 청바지,410
핑크 코트,411
핑크 탑,412
핑크 티셔츠,413
핑크 패딩,414
핑크 팬츠,415
핑크 후드티,416
화이트 가디건,417
화이트 니트웨어,418
화이트 드레스,419
화이트 래깅스,420
화이트 베스트,421
화이트 브라탑,422
화이트 블라우스,423
화이트 셔츠,424
화이트 스커트,425
화이트 재킷,426
화이트 점퍼,427
화이트 점프수트,428
화이트 조거팬츠,429
화이트 짚업,430
화이트 청바지,431
화이트 코트,432
화이트 탑,433
화이트 티셔츠,434
화이트 패딩,435
화이트 팬츠,436
화이트 후드티,437
